open,high,low,close,volume,adjclose
0.2300000041723252,0.17000000178813934,0.17000000178813934,0.17000000178813934,1,0.17000000178813934
