open,high,low,close,volume,adjclose
0.5,0.4973999857902527,0.479999989271164,0.4850000143051148,20881,0.4850000143051148
