open,high,low,close,volume,adjclose
0.5799999833106995,0.5799999833106995,0.5799999833106995,0.5799999833106995,1400,0.5799999833106995
