open,high,low,close,volume,adjclose
10.1899995803833,10.199999809265137,10.1899995803833,10.199999809265137,11100,10.199999809265137
