open,high,low,close,volume,adjclose
0.6200000047683716,0.6201000213623047,0.6201000213623047,0.6201000213623047,600,0.6201000213623047
