open,high,low,close,volume,adjclose
0.20999999344348907,0.2300000041723252,0.20999999344348907,0.20999999344348907,320100,0.20999999344348907
